model,dataset,xai,crop,acc,pg,degscore,sparsity
model-Birds-OnlyClass,Birds,None,False,0.7029786705970764,nan,nan,nan
model-Birds-OnlyClass,Birds,CAM,False,0.7029786705970764,0.02157404273748398,-0.04543855041265488,0.06740671396255493
model-Birds-OnlyClass,Birds,GradCAM,False,0.7029786705970764,0.023299966007471085,-0.03349730744957924,0.04375751316547394
model-Birds-OnlyClass,Birds,DeepLIFT,False,0.7029786705970764,0.5787020921707153,0.0019380674930289388,-4.1017370676854625e-05
model-Birds-OnlyClass,Birds,Occlusion,False,0.7029786705970764,0.18450120091438293,-0.18437886238098145,0.7176610231399536
model-Birds-ProtoPNet,Birds,None,False,0.6933436393737793,0.6570590138435364,0.1920161098241806,0.23571857810020447
model-Birds-ProtoPNet,Birds,None,True,0.6778401136398315,0.8384535908699036,0.0745239183306694,0.23811307549476624
model-Birds-ProtoPNet-crop,Birds,None,False,0.4277520775794983,0.6456679105758667,0.1882694661617279,0.36180970072746277
model-Birds-ProtoPNet-crop,Birds,None,True,0.745044469833374,0.8829823732376099,0.2115442454814911,0.26552799344062805
model-Birds-Heatmap-l1-0-occlusion-encoder-sigmoid,Birds,None,False,0.6812127232551575,0.056610286235809326,0.16176928579807281,0.7708069682121277
model-Birds-Heatmap-l1-0-occlusion-encoder-sigmoid-adversarial,Birds,None,False,0.6674875020980835,0.002934069838374853,0.04222039133310318,0.9756681323051453
model-Birds-SimpleDet-l1-0-heatmap-GaussHeatmap-occlusion-encoder-sigmoid,Birds,None,False,0.7150642275810242,0.8472557663917542,0.4829023480415344,0.8017779588699341
model-Birds-SimpleDet-l1-0-heatmap-GaussHeatmap-occlusion-encoder-sigmoid-adversarial,Birds,None,False,0.6933794021606445,0.8462202548980713,0.4484560191631317,0.8017792105674744
model-Birds-SimpleDet-l1-0-heatmap-LogisticHeatmap-occlusion-encoder-sigmoid,Birds,None,False,0.6961919069290161,0.8488091230392456,0.4767109155654907,0.5784613490104675
model-Birds-SimpleDet-l1-0-heatmap-LogisticHeatmap-occlusion-encoder-sigmoid-adversarial,Birds,None,False,0.7038323879241943,0.8470832109451294,0.4600771963596344,0.5784014463424683
model-Birds-FasterRCNN-l1-0-heatmap-GaussHeatmap-occlusion-encoder-sigmoid,Birds,None,False,0.7195395231246948,0.9080082774162292,0.46595242619514465,0.6598430275917053
model-Birds-FasterRCNN-l1-0-heatmap-GaussHeatmap-occlusion-encoder-sigmoid-adversarial,Birds,None,False,0.6959118843078613,0.9031757116317749,0.4608900845050812,0.6530879139900208
model-Birds-FasterRCNN-l1-0-heatmap-LogisticHeatmap-occlusion-encoder-sigmoid,Birds,None,False,0.6987164616584778,0.8924749493598938,0.44403308629989624,0.5936954021453857
model-Birds-FasterRCNN-l1-0-heatmap-LogisticHeatmap-occlusion-encoder-sigmoid-adversarial,Birds,None,False,0.6962345838546753,0.9019675254821777,0.45831507444381714,0.5771952271461487
model-Birds-FCOS-l1-0-heatmap-GaussHeatmap-occlusion-encoder-sigmoid,Birds,None,False,0.6913025975227356,0.8470832109451294,0.482615202665329,0.8017922639846802
model-Birds-FCOS-l1-0-heatmap-GaussHeatmap-occlusion-encoder-sigmoid-adversarial,Birds,None,False,0.6880484819412231,0.8458750247955322,0.4866671562194824,0.8028171062469482
model-Birds-FCOS-l1-0-heatmap-LogisticHeatmap-occlusion-encoder-sigmoid,Birds,None,False,0.6936519742012024,0.8470832109451294,0.47430896759033203,0.607401430606842
model-Birds-FCOS-l1-0-heatmap-LogisticHeatmap-occlusion-encoder-sigmoid-adversarial,Birds,None,False,0.004999999888241291,0.0005177769926376641,0.0,nan
model-Birds-DETR-l1-0-heatmap-GaussHeatmap-occlusion-encoder-sigmoid,Birds,None,False,0.004999999888241291,0.0006903693429194391,0.0,0.07893350720405579
model-Birds-DETR-l1-0-heatmap-GaussHeatmap-occlusion-encoder-sigmoid-adversarial,Birds,None,False,0.004999999888241291,0.011908871121704578,0.0,0.08403858542442322
model-Birds-DETR-l1-0-heatmap-LogisticHeatmap-occlusion-encoder-sigmoid,Birds,None,False,0.6901563405990601,0.8450120687484741,0.30329859256744385,0.7488399147987366
model-Birds-DETR-l1-0-heatmap-LogisticHeatmap-occlusion-encoder-sigmoid-adversarial,Birds,None,False,0.690582811832428,0.5807732343673706,0.4452812671661377,0.9688155651092529
model-Birds-Heatmap-l1-0.001-occlusion-encoder-sigmoid,Birds,None,False,0.7019557356834412,0.06748360395431519,0.1885463446378708,0.738369345664978
model-Birds-Heatmap-l1-0.001-occlusion-encoder-sigmoid-adversarial,Birds,None,False,0.6899520754814148,0.0031066620722413063,0.06349960714578629,0.9464307427406311
model-Birds-SimpleDet-l1-0.001-heatmap-GaussHeatmap-occlusion-encoder-sigmoid,Birds,None,False,0.6938853859901428,0.8479461669921875,0.4741003215312958,0.8017728924751282
model-Birds-SimpleDet-l1-0.001-heatmap-GaussHeatmap-occlusion-encoder-sigmoid-adversarial,Birds,None,False,0.6804252862930298,0.8462202548980713,0.46613967418670654,0.8017792105674744
model-Birds-SimpleDet-l1-0.001-heatmap-LogisticHeatmap-occlusion-encoder-sigmoid,Birds,None,False,0.7114473581314087,0.8467379808425903,0.4801803529262543,0.5785144567489624
model-Birds-SimpleDet-l1-0.001-heatmap-LogisticHeatmap-occlusion-encoder-sigmoid-adversarial,Birds,None,False,0.6960536241531372,0.8470832109451294,0.4795370101928711,0.5784014463424683
model-Birds-FasterRCNN-l1-0.001-heatmap-GaussHeatmap-occlusion-encoder-sigmoid,Birds,None,False,0.7002769708633423,0.906282365322113,0.4631049335002899,0.6611432433128357
model-Birds-FasterRCNN-l1-0.001-heatmap-GaussHeatmap-occlusion-encoder-sigmoid-adversarial,Birds,None,False,0.6862407922744751,0.9042112827301025,0.4521022140979767,0.6528712511062622
model-Birds-FasterRCNN-l1-0.001-heatmap-LogisticHeatmap-occlusion-encoder-sigmoid,Birds,None,False,0.7003810405731201,0.8745253682136536,0.43710091710090637,0.5881149768829346
model-Birds-FasterRCNN-l1-0.001-heatmap-LogisticHeatmap-occlusion-encoder-sigmoid-adversarial,Birds,None,False,0.6954194903373718,0.8992061018943787,0.4658806622028351,0.5779888033866882
model-Birds-FCOS-l1-0.001-heatmap-GaussHeatmap-occlusion-encoder-sigmoid,Birds,None,False,0.7017831802368164,0.5585088133811951,0.2819296419620514,0.6111400127410889
model-Birds-FCOS-l1-0.001-heatmap-GaussHeatmap-occlusion-encoder-sigmoid-adversarial,Birds,None,False,0.004999999888241291,0.0005177769926376641,0.0,nan
model-Birds-FCOS-l1-0.001-heatmap-LogisticHeatmap-occlusion-encoder-sigmoid,Birds,None,False,0.006364721804857254,0.0036244390066713095,0.00010427454253658652,nan
model-Birds-FCOS-l1-0.001-heatmap-LogisticHeatmap-occlusion-encoder-sigmoid-adversarial,Birds,None,False,0.004999999888241291,0.0005177769926376641,0.0,nan
model-Birds-DETR-l1-0.001-heatmap-GaussHeatmap-occlusion-encoder-sigmoid,Birds,None,False,0.6757058501243591,0.6577494144439697,0.3753162920475006,0.7386404275894165
model-Birds-DETR-l1-0.001-heatmap-GaussHeatmap-occlusion-encoder-sigmoid-adversarial,Birds,None,False,0.004999999888241291,0.0006903693429194391,0.0,0.03794436901807785
model-Birds-DETR-l1-0.001-heatmap-LogisticHeatmap-occlusion-encoder-sigmoid,Birds,None,False,0.695960521697998,0.8450120687484741,0.3214532434940338,0.727720320224762
model-Birds-DETR-l1-0.001-heatmap-LogisticHeatmap-occlusion-encoder-sigmoid-adversarial,Birds,None,False,0.5806810855865479,0.024162927642464638,0.14678974449634552,0.24980702996253967
model-Birds-Heatmap-l1-0.1-occlusion-encoder-sigmoid,Birds,None,False,0.6845124363899231,0.6813945174217224,0.14682936668395996,0.21661214530467987
model-Birds-Heatmap-l1-0.1-occlusion-encoder-sigmoid-adversarial,Birds,None,False,0.7307685613632202,0.6589575409889221,0.3674563765525818,0.2671951651573181
model-Birds-SimpleDet-l1-0.1-heatmap-GaussHeatmap-occlusion-encoder-sigmoid,Birds,None,False,0.7091768980026245,0.6472212672233582,0.24183079600334167,0.23640966415405273
model-Birds-SimpleDet-l1-0.1-heatmap-GaussHeatmap-occlusion-encoder-sigmoid-adversarial,Birds,None,False,0.6969074606895447,0.8462202548980713,0.4719860553741455,0.8017792105674744
model-Birds-SimpleDet-l1-0.1-heatmap-LogisticHeatmap-occlusion-encoder-sigmoid,Birds,None,False,0.71258544921875,0.7525025606155396,0.2616787552833557,0.27657026052474976
model-Birds-SimpleDet-l1-0.1-heatmap-LogisticHeatmap-occlusion-encoder-sigmoid-adversarial,Birds,None,False,0.7089187502861023,0.8470832109451294,0.48391664028167725,0.5784014463424683
model-Birds-FasterRCNN-l1-0.1-heatmap-GaussHeatmap-occlusion-encoder-sigmoid,Birds,None,False,0.004999999888241291,0.0027614773716777563,0.0,nan
model-Birds-FasterRCNN-l1-0.1-heatmap-GaussHeatmap-occlusion-encoder-sigmoid-adversarial,Birds,None,False,0.004999999888241291,0.008802209049463272,0.0,0.13066643476486206
model-Birds-FasterRCNN-l1-0.1-heatmap-LogisticHeatmap-occlusion-encoder-sigmoid,Birds,None,False,0.6883422136306763,0.6137383580207825,0.22878555953502655,0.3220295011997223
model-Birds-FasterRCNN-l1-0.1-heatmap-LogisticHeatmap-occlusion-encoder-sigmoid-adversarial,Birds,None,False,0.7110878229141235,0.9049016237258911,0.46648460626602173,0.5778418183326721
model-Birds-FCOS-l1-0.1-heatmap-GaussHeatmap-occlusion-encoder-sigmoid,Birds,None,False,0.004999999888241291,0.0005177769926376641,0.0,nan
model-Birds-FCOS-l1-0.1-heatmap-GaussHeatmap-occlusion-encoder-sigmoid-adversarial,Birds,None,False,0.004999999888241291,0.0006903693429194391,0.0,nan
model-Birds-FCOS-l1-0.1-heatmap-LogisticHeatmap-occlusion-encoder-sigmoid,Birds,None,False,0.004999999888241291,0.0005177769926376641,0.0,nan
model-Birds-FCOS-l1-0.1-heatmap-LogisticHeatmap-occlusion-encoder-sigmoid-adversarial,Birds,None,False,0.004999999888241291,0.0005177769926376641,0.0,nan
model-Birds-DETR-l1-0.1-heatmap-GaussHeatmap-occlusion-encoder-sigmoid,Birds,None,False,0.004999999888241291,0.011908871121704578,0.0,0.020609157159924507
model-Birds-DETR-l1-0.1-heatmap-GaussHeatmap-occlusion-encoder-sigmoid-adversarial,Birds,None,False,0.004999999888241291,0.011908871121704578,0.0,0.027829404920339584
model-Birds-DETR-l1-0.1-heatmap-LogisticHeatmap-occlusion-encoder-sigmoid,Birds,None,False,0.5382487773895264,0.0010355539852753282,0.029836876317858696,0.3251912295818329
model-Birds-DETR-l1-0.1-heatmap-LogisticHeatmap-occlusion-encoder-sigmoid-adversarial,Birds,None,False,0.005333333276212215,0.0005177769926376641,-0.00014382691006176174,0.020442206412553787
model-Birds-Heatmap-l1-1-occlusion-encoder-sigmoid,Birds,None,False,0.004999999888241291,0.06385916471481323,0.0,0.029457921162247658
model-Birds-Heatmap-l1-1-occlusion-encoder-sigmoid-adversarial,Birds,None,False,0.004999999888241291,0.22057300806045532,0.0,0.03228992223739624
model-Birds-SimpleDet-l1-1-heatmap-GaussHeatmap-occlusion-encoder-sigmoid,Birds,None,False,0.7218295335769653,0.8085951209068298,0.05708134546875954,0.05761997029185295
model-Birds-SimpleDet-l1-1-heatmap-GaussHeatmap-occlusion-encoder-sigmoid-adversarial,Birds,None,False,0.6947528123855591,0.8462202548980713,0.4525225758552551,0.8017792105674744
model-Birds-SimpleDet-l1-1-heatmap-LogisticHeatmap-occlusion-encoder-sigmoid,Birds,None,False,0.684411883354187,0.7951328754425049,0.30878207087516785,0.08748581260442734
model-Birds-SimpleDet-l1-1-heatmap-LogisticHeatmap-occlusion-encoder-sigmoid-adversarial,Birds,None,False,0.7188820838928223,0.8470832109451294,0.46722522377967834,0.5784014463424683
model-Birds-FasterRCNN-l1-1-heatmap-GaussHeatmap-occlusion-encoder-sigmoid,Birds,None,False,0.004999999888241291,0.0005177769926376641,0.0,nan
model-Birds-FasterRCNN-l1-1-heatmap-GaussHeatmap-occlusion-encoder-sigmoid-adversarial,Birds,None,False,0.004999999888241291,0.0005177769926376641,0.0,nan
model-Birds-FasterRCNN-l1-1-heatmap-LogisticHeatmap-occlusion-encoder-sigmoid,Birds,None,False,0.5327999591827393,0.011908871121704578,-0.08715559542179108,0.1892920434474945
model-Birds-FasterRCNN-l1-1-heatmap-LogisticHeatmap-occlusion-encoder-sigmoid-adversarial,Birds,None,False,0.4329785704612732,0.011908871121704578,-0.04912768676877022,0.2042631357908249
model-Birds-FCOS-l1-1-heatmap-GaussHeatmap-occlusion-encoder-sigmoid,Birds,None,False,0.004999999888241291,0.0005177769926376641,0.0,nan
model-Birds-FCOS-l1-1-heatmap-GaussHeatmap-occlusion-encoder-sigmoid-adversarial,Birds,None,False,0.004999999888241291,0.0005177769926376641,0.0,nan
model-Birds-FCOS-l1-1-heatmap-LogisticHeatmap-occlusion-encoder-sigmoid,Birds,None,False,0.004999999888241291,0.0005177769926376641,0.0,nan
model-Birds-FCOS-l1-1-heatmap-LogisticHeatmap-occlusion-encoder-sigmoid-adversarial,Birds,None,False,0.004999999888241291,0.0005177769926376641,0.0,nan
model-Birds-DETR-l1-1-heatmap-GaussHeatmap-occlusion-encoder-sigmoid,Birds,None,False,0.004999999888241291,0.004142215941101313,0.0,0.020531589165329933
model-Birds-DETR-l1-1-heatmap-GaussHeatmap-occlusion-encoder-sigmoid-adversarial,Birds,None,False,0.004999999888241291,0.034173283725976944,0.0,0.03247593715786934
model-Birds-DETR-l1-1-heatmap-LogisticHeatmap-occlusion-encoder-sigmoid,Birds,None,False,0.004999999888241291,0.0006903693429194391,0.0,0.020442213863134384
model-Birds-DETR-l1-1-heatmap-LogisticHeatmap-occlusion-encoder-sigmoid-adversarial,Birds,None,False,0.004999999888241291,0.011908871121704578,0.0,0.020442266017198563
model-Birds-Heatmap-l1-0-occlusion-image-sigmoid,Birds,None,False,0.6829436421394348,0.0060407319106161594,0.1160036027431488,0.8946927785873413
model-Birds-Heatmap-l1-0-occlusion-image-sigmoid-adversarial,Birds,None,False,0.7024424076080322,0.0006903693429194391,0.06508530676364899,0.9467787742614746
model-Birds-SimpleDet-l1-0-heatmap-GaussHeatmap-occlusion-image-sigmoid,Birds,None,False,0.6592019200325012,0.0450466014444828,0.1830557882785797,0.5785011053085327
model-Birds-SimpleDet-l1-0-heatmap-GaussHeatmap-occlusion-image-sigmoid-adversarial,Birds,None,False,0.6834434270858765,0.8470832109451294,0.4602965712547302,0.798726499080658
model-Birds-SimpleDet-l1-0-heatmap-LogisticHeatmap-occlusion-image-sigmoid,Birds,None,False,0.6948444843292236,0.6974456310272217,0.352333128452301,0.5729998350143433
model-Birds-SimpleDet-l1-0-heatmap-LogisticHeatmap-occlusion-image-sigmoid-adversarial,Birds,None,False,0.7104846239089966,0.8450120687484741,0.45684799551963806,0.578787624835968
model-Birds-FasterRCNN-l1-0-heatmap-GaussHeatmap-occlusion-image-sigmoid,Birds,None,False,0.3128933012485504,0.6030375957489014,0.23206473886966705,0.4606177806854248
model-Birds-FasterRCNN-l1-0-heatmap-GaussHeatmap-occlusion-image-sigmoid-adversarial,Birds,None,False,0.706379234790802,0.9670348763465881,0.4630831480026245,0.6421253085136414
model-Birds-FasterRCNN-l1-0-heatmap-LogisticHeatmap-occlusion-image-sigmoid,Birds,None,False,0.004833333194255829,0.012254055589437485,-0.0001330399391008541,0.15905286371707916
model-Birds-FasterRCNN-l1-0-heatmap-LogisticHeatmap-occlusion-image-sigmoid-adversarial,Birds,None,False,0.6925736665725708,0.9420089721679688,0.45464760065078735,0.5403489470481873
model-Birds-FCOS-l1-0-heatmap-GaussHeatmap-occlusion-image-sigmoid,Birds,None,False,0.49383217096328735,0.4159475266933441,0.14929592609405518,0.25363558530807495
model-Birds-FCOS-l1-0-heatmap-GaussHeatmap-occlusion-image-sigmoid-adversarial,Birds,None,False,0.5991737842559814,0.8429409861564636,0.3725837469100952,0.8005289435386658
model-Birds-FCOS-l1-0-heatmap-LogisticHeatmap-occlusion-image-sigmoid,Birds,None,False,0.678277850151062,0.43993785977363586,0.39860936999320984,0.6873670816421509
model-Birds-FCOS-l1-0-heatmap-LogisticHeatmap-occlusion-image-sigmoid-adversarial,Birds,None,False,0.6378375291824341,0.23524335026741028,0.22819936275482178,0.49301621317863464
model-Birds-DETR-l1-0-heatmap-GaussHeatmap-occlusion-image-sigmoid,Birds,None,False,0.6821276545524597,0.8111839890480042,0.4426526129245758,0.7315451502799988
model-Birds-DETR-l1-0-heatmap-GaussHeatmap-occlusion-image-sigmoid-adversarial,Birds,None,False,0.6585207581520081,0.7899551391601562,0.4378810524940491,0.7295864820480347
model-Birds-DETR-l1-0-heatmap-LogisticHeatmap-occlusion-image-sigmoid,Birds,None,False,0.6481366157531738,0.23714187741279602,0.3006989061832428,0.7958438992500305
model-Birds-DETR-l1-0-heatmap-LogisticHeatmap-occlusion-image-sigmoid-adversarial,Birds,None,False,0.6769061088562012,0.45305487513542175,0.4189319908618927,0.9009772539138794
model-Birds-Heatmap-l1-0.001-occlusion-image-sigmoid,Birds,None,False,0.701553225517273,0.0046599931083619595,0.110297292470932,0.8990727663040161
model-Birds-Heatmap-l1-0.001-occlusion-image-sigmoid-adversarial,Birds,None,False,0.6794811487197876,0.002243700437247753,0.06170535087585449,0.9478316903114319
model-Birds-SimpleDet-l1-0.001-heatmap-GaussHeatmap-occlusion-image-sigmoid,Birds,None,False,0.6384866237640381,0.03244736045598984,0.13030724227428436,0.5687468647956848
model-Birds-SimpleDet-l1-0.001-heatmap-GaussHeatmap-occlusion-image-sigmoid-adversarial,Birds,None,False,0.6751823425292969,0.8470832109451294,0.45025742053985596,0.798726499080658
model-Birds-SimpleDet-l1-0.001-heatmap-LogisticHeatmap-occlusion-image-sigmoid,Birds,None,False,0.6743156313896179,0.700034499168396,0.34872278571128845,0.5912345051765442
model-Birds-SimpleDet-l1-0.001-heatmap-LogisticHeatmap-occlusion-image-sigmoid-adversarial,Birds,None,False,0.6963532567024231,0.8450120687484741,0.46528369188308716,0.578787624835968
model-Birds-FasterRCNN-l1-0.001-heatmap-GaussHeatmap-occlusion-image-sigmoid,Birds,None,False,0.37618547677993774,0.48532965779304504,0.25878047943115234,0.457953542470932
model-Birds-FasterRCNN-l1-0.001-heatmap-GaussHeatmap-occlusion-image-sigmoid-adversarial,Birds,None,False,0.6733458042144775,0.9646185636520386,0.44658657908439636,0.6379597783088684
model-Birds-FasterRCNN-l1-0.001-heatmap-LogisticHeatmap-occlusion-image-sigmoid,Birds,None,False,0.5141362547874451,0.4426993429660797,0.21640226244926453,0.5272179245948792
model-Birds-FasterRCNN-l1-0.001-heatmap-LogisticHeatmap-occlusion-image-sigmoid-adversarial,Birds,None,False,0.6532958745956421,0.946323812007904,0.40077728033065796,0.5463282465934753
model-Birds-FCOS-l1-0.001-heatmap-GaussHeatmap-occlusion-image-sigmoid,Birds,None,False,0.6689159870147705,0.4924059510231018,0.4303411543369293,0.7694021463394165
model-Birds-FCOS-l1-0.001-heatmap-GaussHeatmap-occlusion-image-sigmoid-adversarial,Birds,None,False,0.6913458108901978,0.519848108291626,0.2969954013824463,0.7572633028030396
model-Birds-FCOS-l1-0.001-heatmap-LogisticHeatmap-occlusion-image-sigmoid,Birds,None,False,0.6643072366714478,0.06437694281339645,0.26331472396850586,0.6011473536491394
model-Birds-FCOS-l1-0.001-heatmap-LogisticHeatmap-occlusion-image-sigmoid-adversarial,Birds,None,False,0.6920335292816162,0.511736273765564,0.27231118083000183,0.560340940952301
model-Birds-DETR-l1-0.001-heatmap-GaussHeatmap-occlusion-image-sigmoid,Birds,None,False,0.004999999888241291,0.0005177769926376641,0.0,nan
model-Birds-DETR-l1-0.001-heatmap-GaussHeatmap-occlusion-image-sigmoid-adversarial,Birds,None,False,0.6826552748680115,0.7766655087471008,0.39143216609954834,0.7276596426963806
model-Birds-DETR-l1-0.001-heatmap-LogisticHeatmap-occlusion-image-sigmoid,Birds,None,False,0.004999999888241291,0.0005177769926376641,0.0,nan
model-Birds-DETR-l1-0.001-heatmap-LogisticHeatmap-occlusion-image-sigmoid-adversarial,Birds,None,False,0.674466609954834,0.18795305490493774,0.44643864035606384,0.8654364347457886
model-Birds-Heatmap-l1-0.1-occlusion-image-sigmoid,Birds,None,False,0.6704995036125183,0.6101139187812805,0.3006773293018341,0.2756003439426422
model-Birds-Heatmap-l1-0.1-occlusion-image-sigmoid-adversarial,Birds,None,False,0.679571270942688,0.0005177769926376641,0.04138980060815811,0.9721575379371643
model-Birds-SimpleDet-l1-0.1-heatmap-GaussHeatmap-occlusion-image-sigmoid,Birds,None,False,0.5588634014129639,0.024162927642464638,0.11595332622528076,0.5569247007369995
model-Birds-SimpleDet-l1-0.1-heatmap-GaussHeatmap-occlusion-image-sigmoid-adversarial,Birds,None,False,0.7042828798294067,0.8470832109451294,0.48312559723854065,0.798726499080658
model-Birds-SimpleDet-l1-0.1-heatmap-LogisticHeatmap-occlusion-image-sigmoid,Birds,None,False,0.004701149649918079,0.7794269919395447,-0.0008090266492217779,0.4968548119068146
model-Birds-SimpleDet-l1-0.1-heatmap-LogisticHeatmap-occlusion-image-sigmoid-adversarial,Birds,None,False,0.6793686151504517,0.8450120687484741,0.45762839913368225,0.578787624835968
model-Birds-FasterRCNN-l1-0.1-heatmap-GaussHeatmap-occlusion-image-sigmoid,Birds,None,False,0.004999999888241291,0.005695546977221966,0.0,0.1826898753643036
model-Birds-FasterRCNN-l1-0.1-heatmap-GaussHeatmap-occlusion-image-sigmoid-adversarial,Birds,None,False,0.7100278735160828,0.9665170907974243,0.4711412489414215,0.6440278887748718
model-Birds-FasterRCNN-l1-0.1-heatmap-LogisticHeatmap-occlusion-image-sigmoid,Birds,None,False,0.49508339166641235,0.7159129977226257,0.30282413959503174,0.4144144654273987
model-Birds-FasterRCNN-l1-0.1-heatmap-LogisticHeatmap-occlusion-image-sigmoid-adversarial,Birds,None,False,0.6375940442085266,0.9452882409095764,0.4432676434516907,0.5393291115760803
model-Birds-FCOS-l1-0.1-heatmap-GaussHeatmap-occlusion-image-sigmoid,Birds,None,False,0.5297365188598633,0.3015187978744507,0.07539052516222,0.24406631290912628
model-Birds-FCOS-l1-0.1-heatmap-GaussHeatmap-occlusion-image-sigmoid-adversarial,Birds,None,False,0.6821750402450562,0.010010355152189732,0.2383931279182434,0.6710571646690369
model-Birds-FCOS-l1-0.1-heatmap-LogisticHeatmap-occlusion-image-sigmoid,Birds,None,False,0.20056329667568207,0.26320332288742065,0.06466101855039597,0.08179135620594025
model-Birds-FCOS-l1-0.1-heatmap-LogisticHeatmap-occlusion-image-sigmoid-adversarial,Birds,None,False,0.674017071723938,0.7600966691970825,0.4586171507835388,0.5980760455131531
model-Birds-DETR-l1-0.1-heatmap-GaussHeatmap-occlusion-image-sigmoid,Birds,None,False,0.004999999888241291,0.31877803802490234,0.0,0.6732162237167358
model-Birds-DETR-l1-0.1-heatmap-GaussHeatmap-occlusion-image-sigmoid-adversarial,Birds,None,False,0.681587815284729,0.7932344079017639,0.44059616327285767,0.7291189432144165
model-Birds-DETR-l1-0.1-heatmap-LogisticHeatmap-occlusion-image-sigmoid,Birds,None,False,0.004999999888241291,0.10700725018978119,0.0,0.8418385982513428
model-Birds-DETR-l1-0.1-heatmap-LogisticHeatmap-occlusion-image-sigmoid-adversarial,Birds,None,False,0.004999999888241291,0.023299966007471085,0.0,0.06706519424915314
model-Birds-Heatmap-l1-1-occlusion-image-sigmoid,Birds,None,False,0.222708597779274,0.8327580094337463,0.07090310007333755,0.09103134274482727
model-Birds-Heatmap-l1-1-occlusion-image-sigmoid-adversarial,Birds,None,False,0.015515627339482307,0.5636865496635437,0.002024364424869418,0.11509010195732117
model-Birds-SimpleDet-l1-1-heatmap-GaussHeatmap-occlusion-image-sigmoid,Birds,None,False,0.2731889486312866,0.028132550418376923,0.0538344569504261,0.2597392499446869
model-Birds-SimpleDet-l1-1-heatmap-GaussHeatmap-occlusion-image-sigmoid-adversarial,Birds,None,False,0.6827709078788757,0.8470832109451294,0.4323364794254303,0.798726499080658
model-Birds-SimpleDet-l1-1-heatmap-LogisticHeatmap-occlusion-image-sigmoid,Birds,None,False,0.1907654106616974,0.3156713843345642,0.08399131894111633,0.5187102556228638
model-Birds-SimpleDet-l1-1-heatmap-LogisticHeatmap-occlusion-image-sigmoid-adversarial,Birds,None,False,0.005238095298409462,0.780117392539978,-5.393510582507588e-05,0.4055177867412567
model-Birds-FasterRCNN-l1-1-heatmap-GaussHeatmap-occlusion-image-sigmoid,Birds,None,False,0.004999999888241291,0.015015533193945885,0.0,0.2753121554851532
model-Birds-FasterRCNN-l1-1-heatmap-GaussHeatmap-occlusion-image-sigmoid-adversarial,Birds,None,False,0.16500547528266907,0.0032792543061077595,-0.03738061338663101,0.1287345141172409
model-Birds-FasterRCNN-l1-1-heatmap-LogisticHeatmap-occlusion-image-sigmoid,Birds,None,False,0.004999999888241291,0.005005177576094866,0.0,0.21954680979251862
model-Birds-FasterRCNN-l1-1-heatmap-LogisticHeatmap-occlusion-image-sigmoid-adversarial,Birds,None,False,0.008022989146411419,0.3172247111797333,0.0012584856012836099,0.18620623648166656
model-Birds-FCOS-l1-1-heatmap-GaussHeatmap-occlusion-image-sigmoid,Birds,None,False,0.6043305993080139,0.15257161855697632,0.15271912515163422,0.2741520404815674
model-Birds-FCOS-l1-1-heatmap-GaussHeatmap-occlusion-image-sigmoid-adversarial,Birds,None,False,0.6423693299293518,0.12323092669248581,0.2092359960079193,nan
model-Birds-FCOS-l1-1-heatmap-LogisticHeatmap-occlusion-image-sigmoid,Birds,None,False,0.004999999888241291,0.0005177769926376641,0.0,nan
model-Birds-FCOS-l1-1-heatmap-LogisticHeatmap-occlusion-image-sigmoid-adversarial,Birds,None,False,0.6527962684631348,0.7214359641075134,0.34682804346084595,0.5692554712295532
model-Birds-DETR-l1-1-heatmap-GaussHeatmap-occlusion-image-sigmoid,Birds,None,False,0.004999999888241291,0.0039696237072348595,0.0,0.4721375107765198
model-Birds-DETR-l1-1-heatmap-GaussHeatmap-occlusion-image-sigmoid-adversarial,Birds,None,False,0.004999999888241291,0.03296513482928276,0.0,0.5317687392234802
model-Birds-DETR-l1-1-heatmap-LogisticHeatmap-occlusion-image-sigmoid,Birds,None,False,0.004833333194255829,0.16068346798419952,-9.348752064397559e-05,0.07300075888633728
model-Birds-DETR-l1-1-heatmap-LogisticHeatmap-occlusion-image-sigmoid-adversarial,Birds,None,False,0.004999999888241291,0.6089057922363281,0.0,0.07838165760040283
model-StanfordCars-OnlyClass,StanfordCars,None,False,0.8306688666343689,nan,nan,nan
model-StanfordCars-OnlyClass,StanfordCars,CAM,False,0.8306688666343689,0.2224847674369812,0.15670986473560333,0.03999964892864227
model-StanfordCars-OnlyClass,StanfordCars,GradCAM,False,0.8306688666343689,0.23728391528129578,0.15544040501117706,0.02434748411178589
model-StanfordCars-OnlyClass,StanfordCars,DeepLIFT,False,0.8306688666343689,0.8200472593307495,0.0007124931435100734,-6.501597090391442e-05
model-StanfordCars-OnlyClass,StanfordCars,Occlusion,False,0.8306688666343689,0.42954856157302856,-0.13522633910179138,0.8232737183570862
model-StanfordCars-ProtoPNet,StanfordCars,None,False,0.23502424359321594,0.8901877999305725,0.09110593795776367,0.2729772627353668
model-StanfordCars-ProtoPNet,StanfordCars,None,True,0.23815329372882843,1.0,0.06706254184246063,0.294908344745636
model-StanfordCars-ProtoPNet-crop,StanfordCars,None,False,0.16514739394187927,0.7979106903076172,0.04239729046821594,0.3046409487724304
model-StanfordCars-ProtoPNet-crop,StanfordCars,None,True,0.24252891540527344,1.0,0.04310201480984688,0.29851073026657104
model-StanfordCars-Heatmap-l1-0-occlusion-encoder-sigmoid,StanfordCars,None,False,0.8175726532936096,0.09812212735414505,0.131034255027771,0.8938592076301575
model-StanfordCars-Heatmap-l1-0-occlusion-encoder-sigmoid-adversarial,StanfordCars,None,False,0.8169893622398376,0.0031090660486370325,0.08007658272981644,0.8762896656990051
model-StanfordCars-SimpleDet-l1-0-heatmap-GaussHeatmap-occlusion-encoder-sigmoid,StanfordCars,None,False,0.8380610942840576,0.9778634309768677,0.4405359923839569,0.8010051846504211
model-StanfordCars-SimpleDet-l1-0-heatmap-GaussHeatmap-occlusion-encoder-sigmoid-adversarial,StanfordCars,None,False,0.8328647613525391,0.9774903655052185,0.44396671652793884,0.8017732501029968
model-StanfordCars-SimpleDet-l1-0-heatmap-LogisticHeatmap-occlusion-encoder-sigmoid,StanfordCars,None,False,0.8423988819122314,0.9786096215248108,0.46111080050468445,0.5811238884925842
model-StanfordCars-SimpleDet-l1-0-heatmap-LogisticHeatmap-occlusion-encoder-sigmoid-adversarial,StanfordCars,None,False,0.8407440781593323,0.97761470079422,0.46782901883125305,0.5784046053886414
model-StanfordCars-FasterRCNN-l1-0-heatmap-GaussHeatmap-occlusion-encoder-sigmoid,StanfordCars,None,False,0.005102040711790323,0.4669817090034485,0.0,nan
model-StanfordCars-FasterRCNN-l1-0-heatmap-GaussHeatmap-occlusion-encoder-sigmoid-adversarial,StanfordCars,None,False,0.010864857584238052,0.0961323231458664,0.001165899564512074,nan
model-StanfordCars-FasterRCNN-l1-0-heatmap-LogisticHeatmap-occlusion-encoder-sigmoid,StanfordCars,None,False,0.8282523155212402,0.9888073801994324,0.4369224011898041,0.6224417090415955
model-StanfordCars-FasterRCNN-l1-0-heatmap-LogisticHeatmap-occlusion-encoder-sigmoid-adversarial,StanfordCars,None,False,0.826602578163147,0.9929113388061523,0.4518846273422241,0.5915412306785583
model-StanfordCars-FCOS-l1-0-heatmap-GaussHeatmap-occlusion-encoder-sigmoid,StanfordCars,None,False,0.8258507251739502,0.97761470079422,0.43081003427505493,0.8025217056274414
model-StanfordCars-FCOS-l1-0-heatmap-GaussHeatmap-occlusion-encoder-sigmoid-adversarial,StanfordCars,None,False,0.005102040711790323,0.00012436264660209417,0.0,nan
model-StanfordCars-FCOS-l1-0-heatmap-LogisticHeatmap-occlusion-encoder-sigmoid,StanfordCars,None,False,0.8359885811805725,0.9796045422554016,0.44081154465675354,0.6054321527481079
model-StanfordCars-FCOS-l1-0-heatmap-LogisticHeatmap-occlusion-encoder-sigmoid-adversarial,StanfordCars,None,False,0.005102040711790323,0.0,0.0,nan
model-StanfordCars-DETR-l1-0-heatmap-GaussHeatmap-occlusion-encoder-sigmoid,StanfordCars,None,False,0.005102040711790323,0.0,0.0,0.053085602819919586
model-StanfordCars-DETR-l1-0-heatmap-GaussHeatmap-occlusion-encoder-sigmoid-adversarial,StanfordCars,None,False,0.005102040711790323,0.25531649589538574,0.0,0.06302665919065475
model-StanfordCars-DETR-l1-0-heatmap-LogisticHeatmap-occlusion-encoder-sigmoid,StanfordCars,None,False,0.8229538202285767,0.9794801473617554,0.3753807246685028,0.7311360239982605
model-StanfordCars-DETR-l1-0-heatmap-LogisticHeatmap-occlusion-encoder-sigmoid-adversarial,StanfordCars,None,False,0.7778440117835999,0.0,-0.03846951574087143,0.2507513165473938
model-StanfordCars-Heatmap-l1-0.001-occlusion-encoder-sigmoid,StanfordCars,None,False,0.8245552778244019,0.3322969675064087,0.18206432461738586,0.7738361954689026
model-StanfordCars-Heatmap-l1-0.001-occlusion-encoder-sigmoid-adversarial,StanfordCars,None,False,0.8306671977043152,0.21651536226272583,0.06350523233413696,0.7456708550453186
model-StanfordCars-SimpleDet-l1-0.001-heatmap-GaussHeatmap-occlusion-encoder-sigmoid,StanfordCars,None,False,0.8040341138839722,0.9777390956878662,0.4174903631210327,0.8011066913604736
model-StanfordCars-SimpleDet-l1-0.001-heatmap-GaussHeatmap-occlusion-encoder-sigmoid-adversarial,StanfordCars,None,False,0.8376686573028564,0.9774903655052185,0.45620617270469666,0.8017732501029968
model-StanfordCars-SimpleDet-l1-0.001-heatmap-LogisticHeatmap-occlusion-encoder-sigmoid,StanfordCars,None,False,0.8280560970306396,0.9784852862358093,0.45724257826805115,0.5837437510490417
model-StanfordCars-SimpleDet-l1-0.001-heatmap-LogisticHeatmap-occlusion-encoder-sigmoid-adversarial,StanfordCars,None,False,0.8370628356933594,0.97761470079422,0.4641576409339905,0.5784046053886414
model-StanfordCars-FasterRCNN-l1-0.001-heatmap-GaussHeatmap-occlusion-encoder-sigmoid,StanfordCars,None,False,0.8160836100578308,0.9976370930671692,0.44332942366600037,0.682939887046814
model-StanfordCars-FasterRCNN-l1-0.001-heatmap-GaussHeatmap-occlusion-encoder-sigmoid-adversarial,StanfordCars,None,False,0.8327675461769104,0.9973883628845215,0.4466820955276489,0.6610104441642761
model-StanfordCars-FasterRCNN-l1-0.001-heatmap-LogisticHeatmap-occlusion-encoder-sigmoid,StanfordCars,None,False,0.8281789422035217,0.9861957430839539,0.44684505462646484,0.6233595013618469
model-StanfordCars-FasterRCNN-l1-0.001-heatmap-LogisticHeatmap-occlusion-encoder-sigmoid-adversarial,StanfordCars,None,False,0.8346739411354065,0.9929113388061523,0.4502106010913849,0.5934202671051025
model-StanfordCars-FCOS-l1-0.001-heatmap-GaussHeatmap-occlusion-encoder-sigmoid,StanfordCars,None,False,0.7700192928314209,0.97761470079422,0.09194797277450562,0.020408444106578827
model-StanfordCars-FCOS-l1-0.001-heatmap-GaussHeatmap-occlusion-encoder-sigmoid-adversarial,StanfordCars,None,False,0.005102040711790323,0.0,0.0,nan
model-StanfordCars-FCOS-l1-0.001-heatmap-LogisticHeatmap-occlusion-encoder-sigmoid,StanfordCars,None,False,0.8168482780456543,0.8656883239746094,0.39388248324394226,0.7683754563331604
model-StanfordCars-FCOS-l1-0.001-heatmap-LogisticHeatmap-occlusion-encoder-sigmoid-adversarial,StanfordCars,None,False,0.005102040711790323,0.0,0.0,nan
model-StanfordCars-DETR-l1-0.001-heatmap-GaussHeatmap-occlusion-encoder-sigmoid,StanfordCars,None,False,0.8458464741706848,0.9854495525360107,0.40536022186279297,0.7158771753311157
model-StanfordCars-DETR-l1-0.001-heatmap-GaussHeatmap-occlusion-encoder-sigmoid-adversarial,StanfordCars,None,False,0.005102040711790323,0.0,0.0,0.0676032155752182
model-StanfordCars-DETR-l1-0.001-heatmap-LogisticHeatmap-occlusion-encoder-sigmoid,StanfordCars,None,False,0.8235718607902527,0.8909339904785156,0.18797151744365692,0.597493052482605
model-StanfordCars-DETR-l1-0.001-heatmap-LogisticHeatmap-occlusion-encoder-sigmoid-adversarial,StanfordCars,None,False,0.6636979579925537,0.0,0.0724930688738823,0.2484740912914276
model-StanfordCars-Heatmap-l1-0.1-occlusion-encoder-sigmoid,StanfordCars,None,False,0.8446131944656372,0.9803506731987,0.16021275520324707,0.1794450730085373
model-StanfordCars-Heatmap-l1-0.1-occlusion-encoder-sigmoid-adversarial,StanfordCars,None,False,0.7617017030715942,0.953612744808197,0.004694691859185696,0.29939815402030945
model-StanfordCars-SimpleDet-l1-0.1-heatmap-GaussHeatmap-occlusion-encoder-sigmoid,StanfordCars,None,False,0.8300577402114868,0.9702773094177246,0.17175514996051788,0.2275964617729187
model-StanfordCars-SimpleDet-l1-0.1-heatmap-GaussHeatmap-occlusion-encoder-sigmoid-adversarial,StanfordCars,None,False,0.8266048431396484,0.9774903655052185,0.4522707164287567,0.8017732501029968
model-StanfordCars-SimpleDet-l1-0.1-heatmap-LogisticHeatmap-occlusion-encoder-sigmoid,StanfordCars,None,False,0.845660924911499,0.9921651482582092,0.24677947163581848,0.24886588752269745
model-StanfordCars-SimpleDet-l1-0.1-heatmap-LogisticHeatmap-occlusion-encoder-sigmoid-adversarial,StanfordCars,None,False,0.8411205410957336,0.97761470079422,0.45820149779319763,0.5784046053886414
model-StanfordCars-FasterRCNN-l1-0.1-heatmap-GaussHeatmap-occlusion-encoder-sigmoid,StanfordCars,None,False,0.005102040711790323,0.0004974505864083767,0.0,nan
model-StanfordCars-FasterRCNN-l1-0.1-heatmap-GaussHeatmap-occlusion-encoder-sigmoid-adversarial,StanfordCars,None,False,0.005102040711790323,0.00024872529320418835,0.0,nan
model-StanfordCars-FasterRCNN-l1-0.1-heatmap-LogisticHeatmap-occlusion-encoder-sigmoid,StanfordCars,None,False,0.8166422843933105,0.8960328102111816,0.24150443077087402,0.3166501224040985
model-StanfordCars-FasterRCNN-l1-0.1-heatmap-LogisticHeatmap-occlusion-encoder-sigmoid-adversarial,StanfordCars,None,False,0.8275009393692017,0.9921651482582092,0.42040547728538513,0.5967312455177307
model-StanfordCars-FCOS-l1-0.1-heatmap-GaussHeatmap-occlusion-encoder-sigmoid,StanfordCars,None,False,0.005102040711790323,0.0,0.0,nan
model-StanfordCars-FCOS-l1-0.1-heatmap-GaussHeatmap-occlusion-encoder-sigmoid-adversarial,StanfordCars,None,False,0.005102040711790323,0.0,0.0,nan
model-StanfordCars-FCOS-l1-0.1-heatmap-LogisticHeatmap-occlusion-encoder-sigmoid,StanfordCars,None,False,0.005102040711790323,0.0,0.0,nan
model-StanfordCars-FCOS-l1-0.1-heatmap-LogisticHeatmap-occlusion-encoder-sigmoid-adversarial,StanfordCars,None,False,0.005102040711790323,0.0,0.0,nan
model-StanfordCars-DETR-l1-0.1-heatmap-GaussHeatmap-occlusion-encoder-sigmoid,StanfordCars,None,False,0.005102040711790323,0.0,0.0,0.020408445969223976
model-StanfordCars-DETR-l1-0.1-heatmap-GaussHeatmap-occlusion-encoder-sigmoid-adversarial,StanfordCars,None,False,0.005102040711790323,0.25531649589538574,0.0,0.03706520050764084
model-StanfordCars-DETR-l1-0.1-heatmap-LogisticHeatmap-occlusion-encoder-sigmoid,StanfordCars,None,False,0.005102040711790323,0.0,0.0,0.020442361012101173
model-StanfordCars-DETR-l1-0.1-heatmap-LogisticHeatmap-occlusion-encoder-sigmoid-adversarial,StanfordCars,None,False,0.005102040711790323,0.0,0.0,0.020442776381969452
model-StanfordCars-Heatmap-l1-1-occlusion-encoder-sigmoid,StanfordCars,None,False,0.005102040711790323,0.24412386119365692,0.0,0.029679318889975548
model-StanfordCars-Heatmap-l1-1-occlusion-encoder-sigmoid-adversarial,StanfordCars,None,False,0.005102040711790323,0.2656385898590088,0.0,0.03154066205024719
model-StanfordCars-SimpleDet-l1-1-heatmap-GaussHeatmap-occlusion-encoder-sigmoid,StanfordCars,None,False,0.8377833366394043,0.9848277568817139,-0.09619195014238358,0.07643141597509384
model-StanfordCars-SimpleDet-l1-1-heatmap-GaussHeatmap-occlusion-encoder-sigmoid-adversarial,StanfordCars,None,False,0.8311022520065308,0.9774903655052185,0.46041643619537354,0.8017732501029968
model-StanfordCars-SimpleDet-l1-1-heatmap-LogisticHeatmap-occlusion-encoder-sigmoid,StanfordCars,None,False,0.8692472577095032,0.004103966988623142,0.34920501708984375,0.3087362051010132
model-StanfordCars-SimpleDet-l1-1-heatmap-LogisticHeatmap-occlusion-encoder-sigmoid-adversarial,StanfordCars,None,False,0.8362171649932861,0.97761470079422,0.47265303134918213,0.5783299803733826
model-StanfordCars-FasterRCNN-l1-1-heatmap-GaussHeatmap-occlusion-encoder-sigmoid,StanfordCars,None,False,0.005102040711790323,0.0,0.0,nan
model-StanfordCars-FasterRCNN-l1-1-heatmap-GaussHeatmap-occlusion-encoder-sigmoid-adversarial,StanfordCars,None,False,0.005102040711790323,0.0,0.0,nan
model-StanfordCars-FasterRCNN-l1-1-heatmap-LogisticHeatmap-occlusion-encoder-sigmoid,StanfordCars,None,False,0.7935618758201599,0.5194627642631531,0.016571322456002235,0.19529251754283905
model-StanfordCars-FasterRCNN-l1-1-heatmap-LogisticHeatmap-occlusion-encoder-sigmoid-adversarial,StanfordCars,None,False,0.005102040711790323,0.3132694959640503,0.0,0.19640551507472992
model-StanfordCars-FCOS-l1-1-heatmap-GaussHeatmap-occlusion-encoder-sigmoid,StanfordCars,None,False,0.005102040711790323,0.0,0.0,nan
model-StanfordCars-FCOS-l1-1-heatmap-GaussHeatmap-occlusion-encoder-sigmoid-adversarial,StanfordCars,None,False,0.005102040711790323,0.0,0.0,nan
model-StanfordCars-FCOS-l1-1-heatmap-LogisticHeatmap-occlusion-encoder-sigmoid,StanfordCars,None,False,0.005102040711790323,0.0,0.0,nan
model-StanfordCars-FCOS-l1-1-heatmap-LogisticHeatmap-occlusion-encoder-sigmoid-adversarial,StanfordCars,None,False,0.005102040711790323,0.0,0.0,nan
model-StanfordCars-DETR-l1-1-heatmap-GaussHeatmap-occlusion-encoder-sigmoid,StanfordCars,None,False,0.005102040711790323,0.1806989163160324,0.0,0.02042960748076439
model-StanfordCars-DETR-l1-1-heatmap-GaussHeatmap-occlusion-encoder-sigmoid-adversarial,StanfordCars,None,False,0.005102040711790323,0.1806989163160324,0.0,0.020408444106578827
model-StanfordCars-DETR-l1-1-heatmap-LogisticHeatmap-occlusion-encoder-sigmoid,StanfordCars,None,False,0.005102040711790323,0.0,0.0,0.02044239640235901
model-StanfordCars-DETR-l1-1-heatmap-LogisticHeatmap-occlusion-encoder-sigmoid-adversarial,StanfordCars,None,False,0.005102040711790323,0.1806989163160324,0.0,0.03880341723561287
model-StanfordCars-Heatmap-l1-0-occlusion-image-sigmoid,StanfordCars,None,False,0.8435693383216858,0.003482153872027993,0.04348289221525192,0.9887529611587524
model-StanfordCars-Heatmap-l1-0-occlusion-image-sigmoid-adversarial,StanfordCars,None,False,0.7816174030303955,0.00012436264660209417,0.03797203674912453,0.9567699432373047
model-StanfordCars-SimpleDet-l1-0-heatmap-GaussHeatmap-occlusion-image-sigmoid,StanfordCars,None,False,0.8141753673553467,0.208058699965477,0.11195744574069977,0.5568404793739319
model-StanfordCars-SimpleDet-l1-0-heatmap-GaussHeatmap-occlusion-image-sigmoid-adversarial,StanfordCars,None,False,0.8150390982627869,0.97761470079422,0.42241615056991577,0.7987207770347595
model-StanfordCars-SimpleDet-l1-0-heatmap-LogisticHeatmap-occlusion-image-sigmoid,StanfordCars,None,False,0.8191982507705688,0.9380673766136169,0.3803371787071228,0.6347009539604187
model-StanfordCars-SimpleDet-l1-0-heatmap-LogisticHeatmap-occlusion-image-sigmoid-adversarial,StanfordCars,None,False,0.8378877639770508,0.9779878258705139,0.43167567253112793,0.5786783695220947
model-StanfordCars-FasterRCNN-l1-0-heatmap-GaussHeatmap-occlusion-image-sigmoid,StanfordCars,None,False,0.7437500953674316,0.845292866230011,0.20899121463298798,0.5971762537956238
model-StanfordCars-FasterRCNN-l1-0-heatmap-GaussHeatmap-occlusion-image-sigmoid-adversarial,StanfordCars,None,False,0.7402336001396179,0.99726402759552,-0.08769373595714569,0.6480895280838013
model-StanfordCars-FasterRCNN-l1-0-heatmap-LogisticHeatmap-occlusion-image-sigmoid,StanfordCars,None,False,0.7724842429161072,0.9482651352882385,0.34496378898620605,0.6483896374702454
model-StanfordCars-FasterRCNN-l1-0-heatmap-LogisticHeatmap-occlusion-image-sigmoid-adversarial,StanfordCars,None,False,0.826310396194458,0.9955229163169861,0.39087679982185364,0.5430182814598083
model-StanfordCars-FCOS-l1-0-heatmap-GaussHeatmap-occlusion-image-sigmoid,StanfordCars,None,False,0.8155365586280823,0.9375699758529663,0.2729760408401489,0.5674062967300415
model-StanfordCars-FCOS-l1-0-heatmap-GaussHeatmap-occlusion-image-sigmoid-adversarial,StanfordCars,None,False,0.8177783489227295,0.986568808555603,0.25290435552597046,0.7694041728973389
model-StanfordCars-FCOS-l1-0-heatmap-LogisticHeatmap-occlusion-image-sigmoid,StanfordCars,None,False,0.7983437776565552,0.9861957430839539,0.40765565633773804,0.5928283333778381
model-StanfordCars-FCOS-l1-0-heatmap-LogisticHeatmap-occlusion-image-sigmoid-adversarial,StanfordCars,None,False,0.8147380352020264,0.9914189577102661,0.4000619053840637,0.6039773225784302
model-StanfordCars-DETR-l1-0-heatmap-GaussHeatmap-occlusion-image-sigmoid,StanfordCars,None,False,0.8324018120765686,0.9834597706794739,0.4263230860233307,0.7347583770751953
model-StanfordCars-DETR-l1-0-heatmap-GaussHeatmap-occlusion-image-sigmoid-adversarial,StanfordCars,None,False,0.8408181071281433,0.9921651482582092,0.2396261990070343,0.3905969560146332
model-StanfordCars-DETR-l1-0-heatmap-LogisticHeatmap-occlusion-image-sigmoid,StanfordCars,None,False,0.8143646717071533,0.779007613658905,0.41752931475639343,0.9405556321144104
model-StanfordCars-DETR-l1-0-heatmap-LogisticHeatmap-occlusion-image-sigmoid-adversarial,StanfordCars,None,False,0.005102040711790323,0.054470837116241455,0.0,0.014691337011754513
model-StanfordCars-Heatmap-l1-0.001-occlusion-image-sigmoid,StanfordCars,None,False,0.8343334197998047,0.002735978225246072,0.05217016115784645,0.9728658199310303
model-StanfordCars-Heatmap-l1-0.001-occlusion-image-sigmoid-adversarial,StanfordCars,None,False,0.7643617987632751,0.0018654395826160908,0.045236896723508835,0.9562098383903503
model-StanfordCars-SimpleDet-l1-0.001-heatmap-GaussHeatmap-occlusion-image-sigmoid,StanfordCars,None,False,0.8232839107513428,0.6977987885475159,0.17245474457740784,0.6812950968742371
model-StanfordCars-SimpleDet-l1-0.001-heatmap-GaussHeatmap-occlusion-image-sigmoid-adversarial,StanfordCars,None,False,0.8238655924797058,0.97761470079422,0.43443232774734497,0.7987207770347595
model-StanfordCars-SimpleDet-l1-0.001-heatmap-LogisticHeatmap-occlusion-image-sigmoid,StanfordCars,None,False,0.8322139382362366,0.9200348258018494,0.37292754650115967,0.6281448006629944
model-StanfordCars-SimpleDet-l1-0.001-heatmap-LogisticHeatmap-occlusion-image-sigmoid-adversarial,StanfordCars,None,False,0.8183678984642029,0.9794801473617554,0.45675548911094666,0.5787900686264038
model-StanfordCars-FasterRCNN-l1-0.001-heatmap-GaussHeatmap-occlusion-image-sigmoid,StanfordCars,None,False,0.7703008651733398,0.9706504344940186,0.4050412178039551,0.6522837281227112
model-StanfordCars-FasterRCNN-l1-0.001-heatmap-GaussHeatmap-occlusion-image-sigmoid-adversarial,StanfordCars,None,False,0.8332594037055969,0.9970152974128723,0.41757869720458984,0.645894467830658
model-StanfordCars-FasterRCNN-l1-0.001-heatmap-LogisticHeatmap-occlusion-image-sigmoid,StanfordCars,None,False,0.7822274565696716,0.9792314171791077,0.4124229848384857,0.637205183506012
model-StanfordCars-FasterRCNN-l1-0.001-heatmap-LogisticHeatmap-occlusion-image-sigmoid-adversarial,StanfordCars,None,False,0.8016337156295776,0.9932844042778015,0.3393806219100952,0.5376673936843872
model-StanfordCars-FCOS-l1-0.001-heatmap-GaussHeatmap-occlusion-image-sigmoid,StanfordCars,None,False,0.8027177453041077,0.7135928273200989,0.21018566191196442,0.7284038066864014
model-StanfordCars-FCOS-l1-0.001-heatmap-GaussHeatmap-occlusion-image-sigmoid-adversarial,StanfordCars,None,False,0.7685678005218506,0.9861957430839539,0.39610034227371216,0.7983628511428833
model-StanfordCars-FCOS-l1-0.001-heatmap-LogisticHeatmap-occlusion-image-sigmoid,StanfordCars,None,False,0.7341722249984741,0.0,0.15879805386066437,0.19700318574905396
model-StanfordCars-FCOS-l1-0.001-heatmap-LogisticHeatmap-occlusion-image-sigmoid-adversarial,StanfordCars,None,False,0.005102040711790323,0.0,0.0,nan
model-StanfordCars-DETR-l1-0.001-heatmap-GaussHeatmap-occlusion-image-sigmoid,StanfordCars,None,False,0.005102040711790323,0.0,0.0,4.793212065123953e-05
model-StanfordCars-DETR-l1-0.001-heatmap-GaussHeatmap-occlusion-image-sigmoid-adversarial,StanfordCars,None,False,0.8332148790359497,0.9911702275276184,0.12943825125694275,0.40158095955848694
model-StanfordCars-DETR-l1-0.001-heatmap-LogisticHeatmap-occlusion-image-sigmoid,StanfordCars,None,False,0.0053461212664842606,0.6811341643333435,0.00015545332280453295,0.9133741855621338
model-StanfordCars-DETR-l1-0.001-heatmap-LogisticHeatmap-occlusion-image-sigmoid-adversarial,StanfordCars,None,False,0.7785187363624573,0.5144882202148438,0.3104323744773865,0.805770754814148
model-StanfordCars-Heatmap-l1-0.1-occlusion-image-sigmoid,StanfordCars,None,False,0.8228029608726501,0.8872030973434448,0.26389753818511963,0.3382532298564911
model-StanfordCars-Heatmap-l1-0.1-occlusion-image-sigmoid-adversarial,StanfordCars,None,False,0.6863508224487305,0.0009949011728167534,0.031287554651498795,0.993808925151825
model-StanfordCars-SimpleDet-l1-0.1-heatmap-GaussHeatmap-occlusion-image-sigmoid,StanfordCars,None,False,0.7051706314086914,0.13132694363594055,0.0856936052441597,0.5644756555557251
model-StanfordCars-SimpleDet-l1-0.1-heatmap-GaussHeatmap-occlusion-image-sigmoid-adversarial,StanfordCars,None,False,0.8185664415359497,0.97761470079422,0.43976205587387085,0.7987207770347595
model-StanfordCars-SimpleDet-l1-0.1-heatmap-LogisticHeatmap-occlusion-image-sigmoid,StanfordCars,None,False,0.005852767266333103,0.9662977457046509,0.0006451312219724059,0.5012709498405457
model-StanfordCars-SimpleDet-l1-0.1-heatmap-LogisticHeatmap-occlusion-image-sigmoid-adversarial,StanfordCars,None,False,0.8247835636138916,0.97898268699646,0.4264734983444214,0.5738599896430969
model-StanfordCars-FasterRCNN-l1-0.1-heatmap-GaussHeatmap-occlusion-image-sigmoid,StanfordCars,None,False,0.005102040711790323,0.057952992618083954,0.0,0.23035138845443726
model-StanfordCars-FasterRCNN-l1-0.1-heatmap-GaussHeatmap-occlusion-image-sigmoid-adversarial,StanfordCars,None,False,0.833052396774292,0.99726402759552,0.4129098355770111,0.6478002071380615
model-StanfordCars-FasterRCNN-l1-0.1-heatmap-LogisticHeatmap-occlusion-image-sigmoid,StanfordCars,None,False,0.005102040711790323,0.06815072894096375,0.0,0.2706984281539917
model-StanfordCars-FasterRCNN-l1-0.1-heatmap-LogisticHeatmap-occlusion-image-sigmoid-adversarial,StanfordCars,None,False,0.8343440890312195,0.9952742457389832,0.3708573579788208,0.546166718006134
model-StanfordCars-FCOS-l1-0.1-heatmap-GaussHeatmap-occlusion-image-sigmoid,StanfordCars,None,False,0.8358405828475952,0.9695311784744263,0.3980588912963867,0.7983165979385376
model-StanfordCars-FCOS-l1-0.1-heatmap-GaussHeatmap-occlusion-image-sigmoid-adversarial,StanfordCars,None,False,0.5201448202133179,0.5333913564682007,0.11278654634952545,0.09106758236885071
model-StanfordCars-FCOS-l1-0.1-heatmap-LogisticHeatmap-occlusion-image-sigmoid,StanfordCars,None,False,0.7552490830421448,0.9778634309768677,0.16312241554260254,0.15678094327449799
model-StanfordCars-FCOS-l1-0.1-heatmap-LogisticHeatmap-occlusion-image-sigmoid-adversarial,StanfordCars,None,False,0.8141438364982605,0.7338639497756958,0.04641575738787651,0.4363711476325989
model-StanfordCars-DETR-l1-0.1-heatmap-GaussHeatmap-occlusion-image-sigmoid,StanfordCars,None,False,0.005102040711790323,0.0,0.0,0.004182123113423586
model-StanfordCars-DETR-l1-0.1-heatmap-GaussHeatmap-occlusion-image-sigmoid-adversarial,StanfordCars,None,False,0.005102040711790323,0.009949011728167534,0.0,0.004139480646699667
model-StanfordCars-DETR-l1-0.1-heatmap-LogisticHeatmap-occlusion-image-sigmoid,StanfordCars,None,False,0.005102040711790323,0.0,0.0,0.0016296806279569864
model-StanfordCars-DETR-l1-0.1-heatmap-LogisticHeatmap-occlusion-image-sigmoid-adversarial,StanfordCars,None,False,0.005102040711790323,0.035194627940654755,0.0,0.0032473159953951836
model-StanfordCars-Heatmap-l1-1-occlusion-image-sigmoid,StanfordCars,None,False,0.3038627505302429,0.9820917844772339,0.07358900457620621,nan
model-StanfordCars-Heatmap-l1-1-occlusion-image-sigmoid-adversarial,StanfordCars,None,False,0.045068517327308655,0.8972764611244202,0.0077597093768417835,0.16142329573631287
model-StanfordCars-SimpleDet-l1-1-heatmap-GaussHeatmap-occlusion-image-sigmoid,StanfordCars,None,False,0.005102040711790323,0.544832706451416,0.0,0.037323273718357086
model-StanfordCars-SimpleDet-l1-1-heatmap-GaussHeatmap-occlusion-image-sigmoid-adversarial,StanfordCars,None,False,0.6113103628158569,0.2656385898590088,0.02429218962788582,0.37152358889579773
model-StanfordCars-SimpleDet-l1-1-heatmap-LogisticHeatmap-occlusion-image-sigmoid,StanfordCars,None,False,0.005143332295119762,0.736724317073822,-0.0002564979367889464,0.08501098304986954
model-StanfordCars-SimpleDet-l1-1-heatmap-LogisticHeatmap-occlusion-image-sigmoid-adversarial,StanfordCars,None,False,0.005102040711790323,0.6644695997238159,0.0,0.15676249563694
model-StanfordCars-FasterRCNN-l1-1-heatmap-GaussHeatmap-occlusion-image-sigmoid,StanfordCars,None,False,0.005102040711790323,0.059694066643714905,0.0,0.33973878622055054
model-StanfordCars-FasterRCNN-l1-1-heatmap-GaussHeatmap-occlusion-image-sigmoid-adversarial,StanfordCars,None,False,0.005102040711790323,0.05683372542262077,0.0,0.37518826127052307
model-StanfordCars-FasterRCNN-l1-1-heatmap-LogisticHeatmap-occlusion-image-sigmoid,StanfordCars,None,False,0.005102040711790323,0.04526800289750099,0.0,0.20622093975543976
model-StanfordCars-FasterRCNN-l1-1-heatmap-LogisticHeatmap-occlusion-image-sigmoid-adversarial,StanfordCars,None,False,0.005102040711790323,0.06305185705423355,0.0,0.30879104137420654
model-StanfordCars-FCOS-l1-1-heatmap-GaussHeatmap-occlusion-image-sigmoid,StanfordCars,None,False,0.8021947741508484,0.9861957430839539,0.41811996698379517,0.7982980608940125
model-StanfordCars-FCOS-l1-1-heatmap-GaussHeatmap-occlusion-image-sigmoid-adversarial,StanfordCars,None,False,0.11552753299474716,0.061435144394636154,0.006487587466835976,0.04123467206954956
model-StanfordCars-FCOS-l1-1-heatmap-LogisticHeatmap-occlusion-image-sigmoid,StanfordCars,None,False,0.7893611192703247,0.8798657059669495,0.27387240529060364,0.45185747742652893
model-StanfordCars-FCOS-l1-1-heatmap-LogisticHeatmap-occlusion-image-sigmoid-adversarial,StanfordCars,None,False,0.8210341930389404,0.7234174609184265,0.20453514158725739,0.5490655303001404
model-StanfordCars-DETR-l1-1-heatmap-GaussHeatmap-occlusion-image-sigmoid,StanfordCars,None,False,0.004884932655841112,0.0,0.0,4.7939854994183406e-05
model-StanfordCars-DETR-l1-1-heatmap-GaussHeatmap-occlusion-image-sigmoid-adversarial,StanfordCars,None,False,0.005102040711790323,0.002114164875820279,0.0,0.004368606489151716
model-StanfordCars-DETR-l1-1-heatmap-LogisticHeatmap-occlusion-image-sigmoid,StanfordCars,None,False,0.005102040711790323,0.0,0.0,0.0016269341576844454
model-StanfordCars-DETR-l1-1-heatmap-LogisticHeatmap-occlusion-image-sigmoid-adversarial,StanfordCars,None,False,0.005102040711790323,0.009949011728167534,0.0,0.0016268473118543625
model-StanfordDogs-OnlyClass,StanfordDogs,None,False,0.6630456447601318,nan,nan,nan
model-StanfordDogs-OnlyClass,StanfordDogs,CAM,False,0.6630456447601318,0.15652680397033691,-4.127875581616536e-05,0.07463224232196808
model-StanfordDogs-OnlyClass,StanfordDogs,GradCAM,False,0.6630456447601318,0.15186479687690735,0.005050507374107838,0.046111539006233215
model-StanfordDogs-OnlyClass,StanfordDogs,DeepLIFT,False,0.6630456447601318,0.762937068939209,0.00035936347558163106,-7.442328933393583e-05
model-StanfordDogs-OnlyClass,StanfordDogs,Occlusion,False,0.6630456447601318,0.48123544454574585,-0.17544680833816528,0.68255615234375
model-StanfordDogs-ProtoPNet,StanfordDogs,None,False,0.0015338864177465439,0.16177156567573547,0.0031589928548783064,0.3856322765350342
model-StanfordDogs-ProtoPNet,StanfordDogs,None,True,0.0021585077047348022,1.0,0.0025519614573568106,0.34869620203971863
model-StanfordDogs-ProtoPNet-crop,StanfordDogs,None,False,0.0034586850088089705,0.3043123483657837,0.0033629583194851875,0.46041443943977356
model-StanfordDogs-ProtoPNet-crop,StanfordDogs,None,True,0.001963201444596052,1.0,0.002180458279326558,0.4383681118488312
model-StanfordDogs-Heatmap-l1-0-occlusion-encoder-sigmoid,StanfordDogs,None,False,0.6720849871635437,0.5238927602767944,0.15497037768363953,0.7425469160079956
model-StanfordDogs-Heatmap-l1-0-occlusion-encoder-sigmoid-adversarial,StanfordDogs,None,False,0.6744939684867859,0.4333333373069763,0.14053761959075928,0.7836010456085205
model-StanfordDogs-SimpleDet-l1-0-heatmap-GaussHeatmap-occlusion-encoder-sigmoid,StanfordDogs,None,False,0.6623145937919617,0.9470862746238708,0.3829282224178314,0.8017721176147461
model-StanfordDogs-SimpleDet-l1-0-heatmap-GaussHeatmap-occlusion-encoder-sigmoid-adversarial,StanfordDogs,None,False,0.6657664775848389,0.9467365741729736,0.3726983964443207,0.8017722964286804
model-StanfordDogs-SimpleDet-l1-0-heatmap-LogisticHeatmap-occlusion-encoder-sigmoid,StanfordDogs,None,False,0.673359751701355,0.9473193287849426,0.386662095785141,0.5784063339233398
model-StanfordDogs-SimpleDet-l1-0-heatmap-LogisticHeatmap-occlusion-encoder-sigmoid-adversarial,StanfordDogs,None,False,0.6898016929626465,0.9470862746238708,0.401425302028656,0.5784062147140503
model-StanfordDogs-FasterRCNN-l1-0-heatmap-GaussHeatmap-occlusion-encoder-sigmoid,StanfordDogs,None,False,0.6609733700752258,0.9706293940544128,0.37574759125709534,0.6718882918357849
model-StanfordDogs-FasterRCNN-l1-0-heatmap-GaussHeatmap-occlusion-encoder-sigmoid-adversarial,StanfordDogs,None,False,0.6813982129096985,0.9699300527572632,0.3815992772579193,0.658317506313324
model-StanfordDogs-FasterRCNN-l1-0-heatmap-LogisticHeatmap-occlusion-encoder-sigmoid,StanfordDogs,None,False,0.6856997013092041,0.9665501117706299,0.37016788125038147,0.6003561019897461
model-StanfordDogs-FasterRCNN-l1-0-heatmap-LogisticHeatmap-occlusion-encoder-sigmoid-adversarial,StanfordDogs,None,False,0.6519293785095215,0.965850830078125,0.37539345026016235,0.5826932191848755
model-StanfordDogs-FCOS-l1-0-heatmap-GaussHeatmap-occlusion-encoder-sigmoid,StanfordDogs,None,False,0.008333333767950535,0.01806526817381382,0.0,nan
model-StanfordDogs-FCOS-l1-0-heatmap-GaussHeatmap-occlusion-encoder-sigmoid-adversarial,StanfordDogs,None,False,0.008333333767950535,0.01806526817381382,0.0,nan
model-StanfordDogs-FCOS-l1-0-heatmap-LogisticHeatmap-occlusion-encoder-sigmoid,StanfordDogs,None,False,0.6687079071998596,0.9472028017044067,0.3549850285053253,0.6111975312232971
model-StanfordDogs-FCOS-l1-0-heatmap-LogisticHeatmap-occlusion-encoder-sigmoid-adversarial,StanfordDogs,None,False,0.6815431118011475,0.9467365741729736,0.37947726249694824,0.607444703578949
model-StanfordDogs-DETR-l1-0-heatmap-GaussHeatmap-occlusion-encoder-sigmoid,StanfordDogs,None,False,0.6752641797065735,0.8960372805595398,0.28989657759666443,0.731873631477356
model-StanfordDogs-DETR-l1-0-heatmap-GaussHeatmap-occlusion-encoder-sigmoid-adversarial,StanfordDogs,None,False,0.6774023771286011,0.9467365741729736,0.3462896943092346,0.7416805028915405
model-StanfordDogs-DETR-l1-0-heatmap-LogisticHeatmap-occlusion-encoder-sigmoid,StanfordDogs,None,False,0.667273759841919,0.9472028017044067,0.24769076704978943,0.7250977158546448
model-StanfordDogs-DETR-l1-0-heatmap-LogisticHeatmap-occlusion-encoder-sigmoid-adversarial,StanfordDogs,None,False,0.6520309448242188,0.10710955411195755,0.11781521141529083,0.4263606071472168
model-StanfordDogs-Heatmap-l1-0.001-occlusion-encoder-sigmoid,StanfordDogs,None,False,0.6561243534088135,0.41689977049827576,0.1445196121931076,0.7597240209579468
model-StanfordDogs-Heatmap-l1-0.001-occlusion-encoder-sigmoid-adversarial,StanfordDogs,None,False,0.6500105857849121,0.28449884057044983,0.10767049342393875,0.7907100915908813
model-StanfordDogs-SimpleDet-l1-0.001-heatmap-GaussHeatmap-occlusion-encoder-sigmoid,StanfordDogs,None,False,0.6672378778457642,0.9469696879386902,0.38000673055648804,0.8017719388008118
model-StanfordDogs-SimpleDet-l1-0.001-heatmap-GaussHeatmap-occlusion-encoder-sigmoid-adversarial,StanfordDogs,None,False,0.6607545614242554,0.9467365741729736,0.37923458218574524,0.8017722964286804
model-StanfordDogs-SimpleDet-l1-0.001-heatmap-LogisticHeatmap-occlusion-encoder-sigmoid,StanfordDogs,None,False,0.6761308908462524,0.9470862746238708,0.38717472553253174,0.578406572341919
model-StanfordDogs-SimpleDet-l1-0.001-heatmap-LogisticHeatmap-occlusion-encoder-sigmoid-adversarial,StanfordDogs,None,False,0.6723399758338928,0.9470862746238708,0.39216914772987366,0.5784062147140503
model-StanfordDogs-FasterRCNN-l1-0.001-heatmap-GaussHeatmap-occlusion-encoder-sigmoid,StanfordDogs,None,False,0.658677339553833,0.9716783165931702,0.3836948573589325,0.6669589281082153
model-StanfordDogs-FasterRCNN-l1-0.001-heatmap-GaussHeatmap-occlusion-encoder-sigmoid-adversarial,StanfordDogs,None,False,0.6595391631126404,0.9714452028274536,0.3825441598892212,0.6567610502243042
model-StanfordDogs-FasterRCNN-l1-0.001-heatmap-LogisticHeatmap-occlusion-encoder-sigmoid,StanfordDogs,None,False,0.6712872982025146,0.9709790349006653,0.3723364472389221,0.5908598899841309
model-StanfordDogs-FasterRCNN-l1-0.001-heatmap-LogisticHeatmap-occlusion-encoder-sigmoid-adversarial,StanfordDogs,None,False,0.6703859567642212,0.9673659801483154,0.3788314163684845,0.5794601440429688
model-StanfordDogs-FCOS-l1-0.001-heatmap-GaussHeatmap-occlusion-encoder-sigmoid,StanfordDogs,None,False,0.6662306785583496,0.6730769276618958,0.16097985208034515,0.6919642090797424
model-StanfordDogs-FCOS-l1-0.001-heatmap-GaussHeatmap-occlusion-encoder-sigmoid-adversarial,StanfordDogs,None,False,0.6726744174957275,0.8237762451171875,0.1528628021478653,0.7291767597198486
model-StanfordDogs-FCOS-l1-0.001-heatmap-LogisticHeatmap-occlusion-encoder-sigmoid,StanfordDogs,None,False,0.6872906684875488,0.9467365741729736,0.36374062299728394,0.6317782402038574
model-StanfordDogs-FCOS-l1-0.001-heatmap-LogisticHeatmap-occlusion-encoder-sigmoid-adversarial,StanfordDogs,None,False,0.6629586219787598,0.6517482399940491,-0.026017379015684128,0.5646297931671143
model-StanfordDogs-DETR-l1-0.001-heatmap-GaussHeatmap-occlusion-encoder-sigmoid,StanfordDogs,None,False,0.6768081784248352,0.8960372805595398,0.3199275732040405,0.7421865463256836
model-StanfordDogs-DETR-l1-0.001-heatmap-GaussHeatmap-occlusion-encoder-sigmoid-adversarial,StanfordDogs,None,False,0.6678798198699951,0.9472028017044067,0.3258668780326843,0.7419010400772095
model-StanfordDogs-DETR-l1-0.001-heatmap-LogisticHeatmap-occlusion-encoder-sigmoid,StanfordDogs,None,False,0.6643235683441162,0.9108391404151917,0.2267507016658783,0.7184650301933289
model-StanfordDogs-DETR-l1-0.001-heatmap-LogisticHeatmap-occlusion-encoder-sigmoid-adversarial,StanfordDogs,None,False,0.6600094437599182,0.9430069923400879,0.34407559037208557,0.96015864610672
model-StanfordDogs-Heatmap-l1-0.1-occlusion-encoder-sigmoid,StanfordDogs,None,False,0.6866656541824341,0.9515151381492615,0.2157510221004486,0.21967247128486633
model-StanfordDogs-Heatmap-l1-0.1-occlusion-encoder-sigmoid-adversarial,StanfordDogs,None,False,0.6669337153434753,0.8545454740524292,0.27322521805763245,0.338688462972641
model-StanfordDogs-SimpleDet-l1-0.1-heatmap-GaussHeatmap-occlusion-encoder-sigmoid,StanfordDogs,None,False,0.6555716395378113,0.93170166015625,0.19719789922237396,0.2533031105995178
model-StanfordDogs-SimpleDet-l1-0.1-heatmap-GaussHeatmap-occlusion-encoder-sigmoid-adversarial,StanfordDogs,None,False,0.669609785079956,0.9467365741729736,0.3733126223087311,0.8017722964286804
model-StanfordDogs-SimpleDet-l1-0.1-heatmap-LogisticHeatmap-occlusion-encoder-sigmoid,StanfordDogs,None,False,0.6887772679328918,0.9386946558952332,0.2041473388671875,0.40548184514045715
model-StanfordDogs-SimpleDet-l1-0.1-heatmap-LogisticHeatmap-occlusion-encoder-sigmoid-adversarial,StanfordDogs,None,False,0.6767564415931702,0.9470862746238708,0.38922399282455444,0.5784062147140503
model-StanfordDogs-FasterRCNN-l1-0.1-heatmap-GaussHeatmap-occlusion-encoder-sigmoid,StanfordDogs,None,False,0.008333333767950535,0.05291375145316124,0.0,nan
model-StanfordDogs-FasterRCNN-l1-0.1-heatmap-GaussHeatmap-occlusion-encoder-sigmoid-adversarial,StanfordDogs,None,False,0.008333333767950535,0.35268065333366394,-7.2843822636059485e-06,nan
model-StanfordDogs-FasterRCNN-l1-0.1-heatmap-LogisticHeatmap-occlusion-encoder-sigmoid,StanfordDogs,None,False,0.6625710725784302,0.939976692199707,0.25752708315849304,0.3986104428768158
model-StanfordDogs-FasterRCNN-l1-0.1-heatmap-LogisticHeatmap-occlusion-encoder-sigmoid-adversarial,StanfordDogs,None,False,0.6634514331817627,0.9668997526168823,0.3774888217449188,0.5830029845237732
model-StanfordDogs-FCOS-l1-0.1-heatmap-GaussHeatmap-occlusion-encoder-sigmoid,StanfordDogs,None,False,0.008333333767950535,0.01806526817381382,0.0,nan
model-StanfordDogs-FCOS-l1-0.1-heatmap-GaussHeatmap-occlusion-encoder-sigmoid-adversarial,StanfordDogs,None,False,0.008333333767950535,0.01806526817381382,0.0,nan
model-StanfordDogs-FCOS-l1-0.1-heatmap-LogisticHeatmap-occlusion-encoder-sigmoid,StanfordDogs,None,False,0.008333333767950535,0.01806526817381382,0.0,nan
model-StanfordDogs-FCOS-l1-0.1-heatmap-LogisticHeatmap-occlusion-encoder-sigmoid-adversarial,StanfordDogs,None,False,0.6592198610305786,0.8860139846801758,0.3030520975589752,0.5205260515213013
model-StanfordDogs-DETR-l1-0.1-heatmap-GaussHeatmap-occlusion-encoder-sigmoid,StanfordDogs,None,False,0.008333333767950535,0.27494171261787415,0.0,0.023082170635461807
model-StanfordDogs-DETR-l1-0.1-heatmap-GaussHeatmap-occlusion-encoder-sigmoid-adversarial,StanfordDogs,None,False,0.008333333767950535,0.46993008255958557,0.0,0.04721442982554436
model-StanfordDogs-DETR-l1-0.1-heatmap-LogisticHeatmap-occlusion-encoder-sigmoid,StanfordDogs,None,False,0.6922765970230103,0.8885781168937683,0.11404188722372055,0.5096991658210754
model-StanfordDogs-DETR-l1-0.1-heatmap-LogisticHeatmap-occlusion-encoder-sigmoid-adversarial,StanfordDogs,None,False,0.008333333767950535,0.01806526817381382,0.0,0.02044243924319744
model-StanfordDogs-Heatmap-l1-1-occlusion-encoder-sigmoid,StanfordDogs,None,False,0.008333333767950535,0.24685314297676086,0.0,0.029562536627054214
model-StanfordDogs-Heatmap-l1-1-occlusion-encoder-sigmoid-adversarial,StanfordDogs,None,False,0.008333333767950535,0.3635198175907135,0.0,0.029793264344334602
model-StanfordDogs-SimpleDet-l1-1-heatmap-GaussHeatmap-occlusion-encoder-sigmoid,StanfordDogs,None,False,0.6823702454566956,0.9580419659614563,0.04510001465678215,0.04597634822130203
model-StanfordDogs-SimpleDet-l1-1-heatmap-GaussHeatmap-occlusion-encoder-sigmoid-adversarial,StanfordDogs,None,False,0.6677674055099487,0.9467365741729736,0.38508400321006775,0.8017722964286804
model-StanfordDogs-SimpleDet-l1-1-heatmap-LogisticHeatmap-occlusion-encoder-sigmoid,StanfordDogs,None,False,0.6410845518112183,0.9579253792762756,0.19224457442760468,0.1298021674156189
model-StanfordDogs-SimpleDet-l1-1-heatmap-LogisticHeatmap-occlusion-encoder-sigmoid-adversarial,StanfordDogs,None,False,0.6783342361450195,0.9470862746238708,0.39280033111572266,0.5784062147140503
model-StanfordDogs-FasterRCNN-l1-1-heatmap-GaussHeatmap-occlusion-encoder-sigmoid,StanfordDogs,None,False,0.008333333767950535,0.01806526817381382,0.0,nan
model-StanfordDogs-FasterRCNN-l1-1-heatmap-GaussHeatmap-occlusion-encoder-sigmoid-adversarial,StanfordDogs,None,False,0.008333333767950535,0.01806526817381382,0.0,nan
model-StanfordDogs-FasterRCNN-l1-1-heatmap-LogisticHeatmap-occlusion-encoder-sigmoid,StanfordDogs,None,False,0.6328001022338867,0.27494171261787415,-0.07295309752225876,0.20426516234874725
model-StanfordDogs-FasterRCNN-l1-1-heatmap-LogisticHeatmap-occlusion-encoder-sigmoid-adversarial,StanfordDogs,None,False,0.5996493101119995,0.27494171261787415,-0.0716613382101059,0.19029328227043152
model-StanfordDogs-FCOS-l1-1-heatmap-GaussHeatmap-occlusion-encoder-sigmoid,StanfordDogs,None,False,0.008333333767950535,0.01806526817381382,0.0,nan
model-StanfordDogs-FCOS-l1-1-heatmap-GaussHeatmap-occlusion-encoder-sigmoid-adversarial,StanfordDogs,None,False,0.008333333767950535,0.01806526817381382,0.0,nan
model-StanfordDogs-FCOS-l1-1-heatmap-LogisticHeatmap-occlusion-encoder-sigmoid,StanfordDogs,None,False,0.008333333767950535,0.01806526817381382,0.0,nan
model-StanfordDogs-FCOS-l1-1-heatmap-LogisticHeatmap-occlusion-encoder-sigmoid-adversarial,StanfordDogs,None,False,0.008333333767950535,0.01806526817381382,0.0,nan
model-StanfordDogs-DETR-l1-1-heatmap-GaussHeatmap-occlusion-encoder-sigmoid,StanfordDogs,None,False,0.008333333767950535,0.0861305370926857,0.0,0.020408455282449722
model-StanfordDogs-DETR-l1-1-heatmap-GaussHeatmap-occlusion-encoder-sigmoid-adversarial,StanfordDogs,None,False,0.008333333767950535,0.10407925397157669,0.0,0.020408455282449722
model-StanfordDogs-DETR-l1-1-heatmap-LogisticHeatmap-occlusion-encoder-sigmoid,StanfordDogs,None,False,0.008333333767950535,0.06829836964607239,0.0,0.03959142044186592
model-StanfordDogs-DETR-l1-1-heatmap-LogisticHeatmap-occlusion-encoder-sigmoid-adversarial,StanfordDogs,None,False,0.008333333767950535,0.06923077255487442,0.0,0.039627429097890854
model-StanfordDogs-Heatmap-l1-0-occlusion-image-sigmoid,StanfordDogs,None,False,0.6837241053581238,0.05722610652446747,0.06531661748886108,0.9482821822166443
model-StanfordDogs-Heatmap-l1-0-occlusion-image-sigmoid-adversarial,StanfordDogs,None,False,0.6169154644012451,0.019696969538927078,0.08361496031284332,0.8275508880615234
model-StanfordDogs-SimpleDet-l1-0-heatmap-GaussHeatmap-occlusion-image-sigmoid,StanfordDogs,None,False,0.6617707014083862,0.5407925248146057,0.1090131551027298,0.605897068977356
model-StanfordDogs-SimpleDet-l1-0-heatmap-GaussHeatmap-occlusion-image-sigmoid-adversarial,StanfordDogs,None,False,0.6795779466629028,0.9470862746238708,0.384894460439682,0.7987198233604431
model-StanfordDogs-SimpleDet-l1-0-heatmap-LogisticHeatmap-occlusion-image-sigmoid,StanfordDogs,None,False,0.6059457063674927,0.905244767665863,0.19654481112957,0.5639427900314331
model-StanfordDogs-SimpleDet-l1-0-heatmap-LogisticHeatmap-occlusion-image-sigmoid-adversarial,StanfordDogs,None,False,0.6599805951118469,0.9472028017044067,0.3747207522392273,0.5787904262542725
model-StanfordDogs-FasterRCNN-l1-0-heatmap-GaussHeatmap-occlusion-image-sigmoid,StanfordDogs,None,False,0.5836373567581177,0.9194638729095459,0.36081036925315857,0.6565237641334534
model-StanfordDogs-FasterRCNN-l1-0-heatmap-GaussHeatmap-occlusion-image-sigmoid-adversarial,StanfordDogs,None,False,0.6637008786201477,0.9837995171546936,0.3894597291946411,0.6468647718429565
model-StanfordDogs-FasterRCNN-l1-0-heatmap-LogisticHeatmap-occlusion-image-sigmoid,StanfordDogs,None,False,0.4853675961494446,0.8849650621414185,0.20221924781799316,0.5538979768753052
model-StanfordDogs-FasterRCNN-l1-0-heatmap-LogisticHeatmap-occlusion-image-sigmoid-adversarial,StanfordDogs,None,False,0.6560649871826172,0.977622389793396,0.3561553657054901,0.5660338997840881
model-StanfordDogs-FCOS-l1-0-heatmap-GaussHeatmap-occlusion-image-sigmoid,StanfordDogs,None,False,0.6062014698982239,0.9427738785743713,0.339267760515213,0.7984092831611633
model-StanfordDogs-FCOS-l1-0-heatmap-GaussHeatmap-occlusion-image-sigmoid-adversarial,StanfordDogs,None,False,0.651666522026062,0.8362470865249634,0.3005436956882477,0.7568349838256836
model-StanfordDogs-FCOS-l1-0-heatmap-LogisticHeatmap-occlusion-image-sigmoid,StanfordDogs,None,False,0.6623033881187439,0.9489510655403137,0.3626071512699127,0.5933886766433716
model-StanfordDogs-FCOS-l1-0-heatmap-LogisticHeatmap-occlusion-image-sigmoid-adversarial,StanfordDogs,None,False,0.6475943326950073,0.7254078984260559,-0.012582552619278431,0.5370599031448364
model-StanfordDogs-DETR-l1-0-heatmap-GaussHeatmap-occlusion-image-sigmoid,StanfordDogs,None,False,0.5636012554168701,0.6097902059555054,0.03942305967211723,0.6007704734802246
model-StanfordDogs-DETR-l1-0-heatmap-GaussHeatmap-occlusion-image-sigmoid-adversarial,StanfordDogs,None,False,0.6620717644691467,0.9342657327651978,0.35550928115844727,0.5984912514686584
model-StanfordDogs-DETR-l1-0-heatmap-LogisticHeatmap-occlusion-image-sigmoid,StanfordDogs,None,False,0.6637678146362305,0.7977855205535889,0.3584814667701721,0.938647985458374
model-StanfordDogs-DETR-l1-0-heatmap-LogisticHeatmap-occlusion-image-sigmoid-adversarial,StanfordDogs,None,False,0.6059494614601135,0.7572261095046997,0.36521708965301514,0.8937978744506836
model-StanfordDogs-Heatmap-l1-0.001-occlusion-image-sigmoid,StanfordDogs,None,False,0.6659141778945923,0.07121212035417557,0.07992914319038391,0.9166443943977356
model-StanfordDogs-Heatmap-l1-0.001-occlusion-image-sigmoid-adversarial,StanfordDogs,None,False,0.6070448160171509,0.019813518971204758,0.03645102679729462,0.9669209122657776
model-StanfordDogs-SimpleDet-l1-0.001-heatmap-GaussHeatmap-occlusion-image-sigmoid,StanfordDogs,None,False,0.5205659866333008,0.4592074453830719,0.07946289330720901,0.5666363835334778
model-StanfordDogs-SimpleDet-l1-0.001-heatmap-GaussHeatmap-occlusion-image-sigmoid-adversarial,StanfordDogs,None,False,0.6505168080329895,0.9470862746238708,0.37130922079086304,0.7987198233604431
model-StanfordDogs-SimpleDet-l1-0.001-heatmap-LogisticHeatmap-occlusion-image-sigmoid,StanfordDogs,None,False,0.6573728322982788,0.8624708652496338,0.27755439281463623,0.590702474117279
model-StanfordDogs-SimpleDet-l1-0.001-heatmap-LogisticHeatmap-occlusion-image-sigmoid-adversarial,StanfordDogs,None,False,0.6591435670852661,0.9472028017044067,0.3124490976333618,0.5787904262542725
model-StanfordDogs-FasterRCNN-l1-0.001-heatmap-GaussHeatmap-occlusion-image-sigmoid,StanfordDogs,None,False,0.31445109844207764,0.9068764448165894,0.18522246181964874,0.5087330341339111
model-StanfordDogs-FasterRCNN-l1-0.001-heatmap-GaussHeatmap-occlusion-image-sigmoid-adversarial,StanfordDogs,None,False,0.6624717116355896,0.9829837083816528,0.15531760454177856,0.6496734023094177
model-StanfordDogs-FasterRCNN-l1-0.001-heatmap-LogisticHeatmap-occlusion-image-sigmoid,StanfordDogs,None,False,0.4612899422645569,0.7743589878082275,0.21869169175624847,0.5713639855384827
model-StanfordDogs-FasterRCNN-l1-0.001-heatmap-LogisticHeatmap-occlusion-image-sigmoid-adversarial,StanfordDogs,None,False,0.651652455329895,0.9756410121917725,0.376566082239151,0.5614181160926819
model-StanfordDogs-FCOS-l1-0.001-heatmap-GaussHeatmap-occlusion-image-sigmoid,StanfordDogs,None,False,0.008421053178608418,0.0181818176060915,7.527195703005418e-05,nan
model-StanfordDogs-FCOS-l1-0.001-heatmap-GaussHeatmap-occlusion-image-sigmoid-adversarial,StanfordDogs,None,False,0.6263895630836487,0.7313519716262817,0.2266000360250473,0.6633545756340027
model-StanfordDogs-FCOS-l1-0.001-heatmap-LogisticHeatmap-occlusion-image-sigmoid,StanfordDogs,None,False,0.6562298536300659,0.9489510655403137,0.37160342931747437,0.5931445956230164
model-StanfordDogs-FCOS-l1-0.001-heatmap-LogisticHeatmap-occlusion-image-sigmoid-adversarial,StanfordDogs,None,False,0.6651378273963928,0.9482517242431641,0.13485580682754517,0.44511309266090393
model-StanfordDogs-DETR-l1-0.001-heatmap-GaussHeatmap-occlusion-image-sigmoid,StanfordDogs,None,False,0.008333333767950535,0.01806526817381382,0.0,nan
model-StanfordDogs-DETR-l1-0.001-heatmap-GaussHeatmap-occlusion-image-sigmoid-adversarial,StanfordDogs,None,False,0.6579464673995972,0.930536150932312,0.3569205701351166,0.7312200665473938
model-StanfordDogs-DETR-l1-0.001-heatmap-LogisticHeatmap-occlusion-image-sigmoid,StanfordDogs,None,False,0.011819514445960522,0.8072261214256287,0.000393356429412961,0.9496462345123291
model-StanfordDogs-DETR-l1-0.001-heatmap-LogisticHeatmap-occlusion-image-sigmoid-adversarial,StanfordDogs,None,False,0.6174210906028748,0.68170166015625,0.3258880078792572,0.8593107461929321
model-StanfordDogs-Heatmap-l1-0.1-occlusion-image-sigmoid,StanfordDogs,None,False,0.6707744002342224,0.3567599058151245,0.2462436556816101,0.4468700885772705
model-StanfordDogs-Heatmap-l1-0.1-occlusion-image-sigmoid-adversarial,StanfordDogs,None,False,0.6314370632171631,0.018414918333292007,0.049536194652318954,0.9023483991622925
model-StanfordDogs-SimpleDet-l1-0.1-heatmap-GaussHeatmap-occlusion-image-sigmoid,StanfordDogs,None,False,0.008484848774969578,0.6175990700721741,2.428127572784433e-06,0.7011141777038574
model-StanfordDogs-SimpleDet-l1-0.1-heatmap-GaussHeatmap-occlusion-image-sigmoid-adversarial,StanfordDogs,None,False,0.6443274021148682,0.9470862746238708,0.3694978654384613,0.7987198233604431
model-StanfordDogs-SimpleDet-l1-0.1-heatmap-LogisticHeatmap-occlusion-image-sigmoid,StanfordDogs,None,False,0.008409091271460056,0.9334498643875122,4.3706295400625095e-05,0.5209256410598755
model-StanfordDogs-SimpleDet-l1-0.1-heatmap-LogisticHeatmap-occlusion-image-sigmoid-adversarial,StanfordDogs,None,False,0.6639901399612427,0.9472028017044067,0.3883957266807556,0.5787904262542725
model-StanfordDogs-FasterRCNN-l1-0.1-heatmap-GaussHeatmap-occlusion-image-sigmoid,StanfordDogs,None,False,0.37078407406806946,0.8875291347503662,0.19466532766819,0.5736562013626099
model-StanfordDogs-FasterRCNN-l1-0.1-heatmap-GaussHeatmap-occlusion-image-sigmoid-adversarial,StanfordDogs,None,False,0.6658942699432373,0.9833333492279053,0.38866791129112244,0.6500769853591919
model-StanfordDogs-FasterRCNN-l1-0.1-heatmap-LogisticHeatmap-occlusion-image-sigmoid,StanfordDogs,None,False,0.008333333767950535,0.23065267503261566,0.0,0.13536639511585236
model-StanfordDogs-FasterRCNN-l1-0.1-heatmap-LogisticHeatmap-occlusion-image-sigmoid-adversarial,StanfordDogs,None,False,0.6517772674560547,0.9751748442649841,0.36794647574424744,0.5557905435562134
model-StanfordDogs-FCOS-l1-0.1-heatmap-GaussHeatmap-occlusion-image-sigmoid,StanfordDogs,None,False,0.008333333767950535,0.01806526817381382,0.0,nan
model-StanfordDogs-FCOS-l1-0.1-heatmap-GaussHeatmap-occlusion-image-sigmoid-adversarial,StanfordDogs,None,False,0.39981815218925476,0.8171328902244568,0.02916424721479416,0.1149907335639
model-StanfordDogs-FCOS-l1-0.1-heatmap-LogisticHeatmap-occlusion-image-sigmoid,StanfordDogs,None,False,0.662753701210022,0.7682983875274658,0.24463365972042084,0.7988135814666748
model-StanfordDogs-FCOS-l1-0.1-heatmap-LogisticHeatmap-occlusion-image-sigmoid-adversarial,StanfordDogs,None,False,0.6613420248031616,0.8797202706336975,0.23322895169258118,0.6586734652519226
model-StanfordDogs-DETR-l1-0.1-heatmap-GaussHeatmap-occlusion-image-sigmoid,StanfordDogs,None,False,0.008333333767950535,0.9192307591438293,0.0,0.725773811340332
model-StanfordDogs-DETR-l1-0.1-heatmap-GaussHeatmap-occlusion-image-sigmoid-adversarial,StanfordDogs,None,False,0.6494079828262329,0.927622377872467,0.35030362010002136,0.6923204660415649
model-StanfordDogs-DETR-l1-0.1-heatmap-LogisticHeatmap-occlusion-image-sigmoid,StanfordDogs,None,False,0.008333333767950535,0.8221445083618164,0.0,0.9464149475097656
model-StanfordDogs-DETR-l1-0.1-heatmap-LogisticHeatmap-occlusion-image-sigmoid-adversarial,StanfordDogs,None,False,0.6411530375480652,0.7321678400039673,0.34249943494796753,0.8453205227851868
model-StanfordDogs-Heatmap-l1-1-occlusion-image-sigmoid,StanfordDogs,None,False,0.3465777635574341,0.9177156090736389,0.13907821476459503,nan
model-StanfordDogs-Heatmap-l1-1-occlusion-image-sigmoid-adversarial,StanfordDogs,None,False,0.008607200346887112,0.9291375279426575,0.0010222418932244182,0.23811139166355133
model-StanfordDogs-SimpleDet-l1-1-heatmap-GaussHeatmap-occlusion-image-sigmoid,StanfordDogs,None,False,0.17620529234409332,0.31223776936531067,0.07994364202022552,0.12218919396400452
model-StanfordDogs-SimpleDet-l1-1-heatmap-GaussHeatmap-occlusion-image-sigmoid-adversarial,StanfordDogs,None,False,0.008768164552748203,0.3506993055343628,0.00012383449939079583,0.1501622349023819
model-StanfordDogs-SimpleDet-l1-1-heatmap-LogisticHeatmap-occlusion-image-sigmoid,StanfordDogs,None,False,0.08489149808883667,0.5786713361740112,0.0376068539917469,0.39925092458724976
model-StanfordDogs-SimpleDet-l1-1-heatmap-LogisticHeatmap-occlusion-image-sigmoid-adversarial,StanfordDogs,None,False,0.008333333767950535,0.37564101815223694,0.0,0.02271879091858864
model-StanfordDogs-FasterRCNN-l1-1-heatmap-GaussHeatmap-occlusion-image-sigmoid,StanfordDogs,None,False,0.116747185587883,0.6667832136154175,0.04168123006820679,0.25008827447891235
model-StanfordDogs-FasterRCNN-l1-1-heatmap-GaussHeatmap-occlusion-image-sigmoid-adversarial,StanfordDogs,None,False,0.008333333767950535,0.3310023248195648,0.0,0.1749698668718338
model-StanfordDogs-FasterRCNN-l1-1-heatmap-LogisticHeatmap-occlusion-image-sigmoid,StanfordDogs,None,False,0.008333333767950535,0.3416084051132202,0.0,0.06716149300336838
model-StanfordDogs-FasterRCNN-l1-1-heatmap-LogisticHeatmap-occlusion-image-sigmoid-adversarial,StanfordDogs,None,False,0.008333333767950535,0.1946386992931366,0.0,0.3928309381008148
model-StanfordDogs-FCOS-l1-1-heatmap-GaussHeatmap-occlusion-image-sigmoid,StanfordDogs,None,False,0.6477118730545044,0.5101398825645447,0.053027860820293427,0.6000925898551941
model-StanfordDogs-FCOS-l1-1-heatmap-GaussHeatmap-occlusion-image-sigmoid-adversarial,StanfordDogs,None,False,0.06745308637619019,0.7195804119110107,-0.01027583796530962,0.0628051683306694
model-StanfordDogs-FCOS-l1-1-heatmap-LogisticHeatmap-occlusion-image-sigmoid,StanfordDogs,None,False,0.4378020763397217,0.6547785401344299,0.13952496647834778,0.13673198223114014
model-StanfordDogs-FCOS-l1-1-heatmap-LogisticHeatmap-occlusion-image-sigmoid-adversarial,StanfordDogs,None,False,0.6697980165481567,0.9493007063865662,0.39559781551361084,0.5930739045143127
model-StanfordDogs-DETR-l1-1-heatmap-GaussHeatmap-occlusion-image-sigmoid,StanfordDogs,None,False,0.008333333767950535,0.11142191290855408,0.0,0.004318987485021353
model-StanfordDogs-DETR-l1-1-heatmap-GaussHeatmap-occlusion-image-sigmoid-adversarial,StanfordDogs,None,False,0.008333333767950535,0.8773892521858215,0.0,0.7099766731262207
model-StanfordDogs-DETR-l1-1-heatmap-LogisticHeatmap-occlusion-image-sigmoid,StanfordDogs,None,False,0.013191776350140572,0.9378787875175476,0.007728729397058487,0.006495501380413771
model-StanfordDogs-DETR-l1-1-heatmap-LogisticHeatmap-occlusion-image-sigmoid-adversarial,StanfordDogs,None,False,0.6216864585876465,0.5934731960296631,0.25580304861068726,0.8156139254570007
